user_id;join_date;plan_type;monthly_fee;is_active;country;age;monthly_hours_watched;device_count;last_login;churn
41303;2023-08-16;Premium;19.9;1;Brazil;25;95.61808710917612;2;2025-01-23;0
63178;2025-01-15;Basico;19.9;1;UK;42;107.63589496099142;1;2025-01-23;0
17185;2023-02-14;Premium;29.9;1;USA;63;129.40999674859285;5;2025-01-23;0
91277;2022-07-16;Premium;19.9;0;Germany;21;125.43341247935678;4;2025-01-23;0
67950;2023-04-13;Basico;9.9;1;Mexico;50;0.0;5;2025-01-23;0
36835;2024-08-14;Basico;9.9;1;Canada;18;95.13459056139867;4;2025-01-23;0
88995;2023-11-29;Premium;9.9;0;Japan;36;24.52890432966187;3;2025-01-23;0
50335;2022-11-29;Padrao;29.9;0;Canada;48;86.21363737663371;4;2025-01-23;0
62273;2024-03-31;Premium;19.9;0;Japan;33;93.810520609454;3;2025-01-23;0
48003;2022-08-14;Premium;9.9;1;UK;31;148.80741790423545;1;2025-01-23;0
31795;2022-05-01;Premium;29.9;1;USA;22;98.49422664499502;4;2025-01-23;0
57990;2022-12-07;Premium;19.9;1;Brazil;58;112.960900917163;5;2025-01-23;1
52129;2023-06-18;Basico;29.9;0;USA;43;139.65281903287146;3;2025-01-23;0
25687;2022-04-28;Premium;9.9;1;UK;45;161.387612990965;5;2025-01-23;1
30995;2022-06-26;Padrao;9.9;1;Germany;19;93.84930383215448;2;2025-01-23;0
59843;2024-04-09;Basico;9.9;1;Germany;23;104.70897208402044;3;2025-01-23;0
78753;2023-03-12;Padrao;29.9;1;UK;26;100.50116511211269;4;2025-01-23;1
93072;2024-11-24;Padrao;29.9;1;Japan;50;72.8700517784462;3;2025-01-23;1
66409;2024-02-28;Padrao;9.9;1;Mexico;58;61.54423882788051;5;2025-01-23;1
96865;2022-03-09;Padrao;29.9;1;Mexico;42;0.0;1;2025-01-23;0
11794;2023-12-26;Basico;9.9;1;Japan;30;46.16695327378352;3;2025-01-23;0
44296;2023-03-18;Basico;9.9;1;Germany;26;11.068458339509817;4;2025-01-23;0
13216;2022-01-24;Padrao;19.9;1;Germany;30;162.75992422266262;2;2025-01-23;0
38744;2023-09-10;Padrao;29.9;1;Germany;48;109.42080041487142;1;2025-01-23;0
54877;2024-11-07;Basico;9.9;1;USA;58;93.70305135265832;2;2025-01-23;0
48854;2024-09-04;Basico;9.9;1;Germany;28;64.12574069594592;3;2025-01-23;0
37006;2022-08-21;Basico;29.9;1;Canada;21;101.48896316173119;5;2025-01-23;0
88840;2023-05-21;Premium;19.9;1;Brazil;51;57.6010061172333;5;2025-01-23;0
78885;2024-03-07;Premium;19.9;1;Germany;55;108.70092783103019;4;2025-01-23;0
66082;2024-11-22;Premium;9.9;1;Japan;63;112.28669914606768;5;2025-01-23;0
98527;2023-04-19;Padrao;29.9;1;Brazil;21;56.930814882162814;1;2025-01-23;0
49308;2022-05-29;Premium;19.9;1;USA;55;55.976901758879706;5;2025-01-23;0
44799;2022-04-14;Padrao;29.9;1;Japan;36;148.10996772975588;4;2025-01-23;0
93052;2023-06-05;Padrao;29.9;0;Brazil;23;97.35700228543499;3;2025-01-23;0
20271;2023-04-19;Premium;9.9;1;Japan;51;60.94897853675547;3;2025-01-23;0
74487;2023-05-29;Padrao;19.9;0;USA;35;81.47468491552405;5;2025-01-23;0
25376;2024-08-12;Premium;9.9;1;Canada;30;49.47029566466964;2;2025-01-23;0
83844;2024-12-01;Premium;19.9;1;USA;58;96.64082096690416;3;2025-01-23;0
35165;2022-02-01;Basico;19.9;1;USA;40;141.58141538322343;5;2025-01-23;1
87590;2022-07-11;Premium;19.9;1;Japan;36;98.61646662028693;4;2025-01-23;0
12787;2022-01-25;Basico;19.9;1;UK;62;218.18167218376922;5;2025-01-23;0
86425;2023-03-18;Premium;19.9;1;Mexico;28;121.06797840245008;3;2025-01-23;0
15378;2023-03-16;Premium;29.9;1;Germany;18;111.49772239211062;4;2025-01-23;1
68275;2024-01-25;Basico;9.9;0;Germany;41;54.58489345170972;5;2025-01-23;1
12820;2023-09-19;Basico;29.9;0;Canada;24;88.07332765786666;1;2025-01-23;0
26111;2022-02-19;Premium;19.9;0;Canada;42;61.04930784831539;4;2025-01-23;0
77020;2024-12-31;Padrao;9.9;1;Germany;38;0.0;1;2025-01-23;0
77284;2022-09-16;Basico;19.9;1;Mexico;32;148.71311110644038;2;2025-01-23;0
70115;2024-03-03;Padrao;9.9;0;Germany;18;74.42747222248845;4;2025-01-23;0
59582;2022-06-14;Padrao;29.9;1;UK;29;61.97999628333469;1;2025-01-23;0
31777;2022-10-31;Padrao;9.9;1;Mexico;24;110.52850169792325;3;2025-01-23;0
26883;2023-10-08;Basico;9.9;1;Canada;32;125.62497761107585;3;2025-01-23;0
96580;2024-03-06;Padrao;9.9;1;Brazil;38;83.96125835468607;2;2025-01-23;0
44587;2024-03-08;Basico;9.9;0;Japan;36;99.86991661954909;4;2025-01-23;1
84742;2023-03-08;Padrao;9.9;1;UK;46;137.30937036572016;4;2025-01-23;0
38582;2024-08-22;Premium;19.9;1;UK;42;81.99032026950262;4;2025-01-23;0
32680;2023-02-24;Premium;9.9;1;Canada;50;115.1166870881667;2;2025-01-23;0
15424;2024-04-03;Basico;9.9;1;Canada;49;17.03776908054249;4;2025-01-23;0
41873;2023-08-25;Premium;29.9;1;USA;52;37.93405007861257;3;2025-01-23;1
17005;2024-04-23;Premium;9.9;0;UK;61;130.2769889040202;1;2025-01-23;1
58464;2025-01-20;Padrao;29.9;1;USA;55;35.32206804163508;3;2025-01-23;0
19395;2024-03-20;Basico;19.9;1;USA;43;111.7068773556648;3;2025-01-23;1
73274;2022-06-23;Padrao;9.9;1;Japan;28;92.65006089014636;1;2025-01-23;0
89815;2024-04-08;Padrao;29.9;0;USA;52;81.77663687398856;3;2025-01-23;0
47481;2022-05-19;Padrao;29.9;1;Mexico;25;58.57686155161359;2;2025-01-23;1
95850;2024-05-25;Padrao;19.9;0;Germany;63;145.46700090526878;1;2025-01-23;0
78286;2024-11-09;Padrao;9.9;1;Brazil;31;186.49455772599177;3;2025-01-23;0
37411;2024-01-12;Padrao;9.9;1;Canada;27;115.00960813000972;5;2025-01-23;0
19710;2024-08-02;Padrao;29.9;1;Mexico;19;116.12453578364087;3;2025-01-23;0
81869;2022-02-18;Basico;9.9;1;Brazil;63;65.8834685071253;2;2025-01-23;0
27147;2022-07-21;Premium;29.9;1;UK;26;40.195138408781006;4;2025-01-23;1
27765;2022-03-05;Padrao;9.9;1;UK;20;98.01305475969127;3;2025-01-23;0
10187;2023-02-19;Padrao;29.9;1;UK;38;51.3125176020962;4;2025-01-23;0
31036;2022-12-18;Padrao;9.9;0;Mexico;43;11.36949358420891;5;2025-01-23;0
54517;2024-06-04;Padrao;19.9;1;Mexico;25;140.1722906182791;3;2025-01-23;0
34656;2022-04-25;Padrao;9.9;1;Canada;19;142.60833941259165;1;2025-01-23;0
23069;2024-03-03;Padrao;9.9;0;Germany;23;57.058061352345284;4;2025-01-23;0
46691;2022-11-18;Premium;19.9;1;USA;45;112.1982160639622;5;2025-01-23;0
77181;2022-09-17;Premium;9.9;1;UK;46;150.09761338958833;1;2025-01-23;0
97968;2023-05-17;Padrao;19.9;0;Japan;43;110.25133435309394;1;2025-01-23;0
54573;2022-08-21;Premium;9.9;1;Germany;42;40.34226769506333;1;2025-01-23;0
48229;2022-07-16;Basico;29.9;1;Japan;29;88.35532933814507;1;2025-01-23;0
57478;2023-09-08;Padrao;29.9;1;Canada;22;166.34047100209955;3;2025-01-23;1
75482;2023-05-24;Basico;9.9;1;Canada;51;112.35133218025564;3;2025-01-23;0
20899;2024-10-16;Basico;9.9;1;Canada;54;126.95660515914027;3;2025-01-23;0
19846;2022-08-17;Padrao;9.9;1;Brazil;32;117.08146096845572;5;2025-01-23;0
60891;2023-05-30;Premium;29.9;0;Japan;61;57.22443210108734;5;2025-01-23;0
30385;2022-08-20;Basico;9.9;1;Germany;53;68.95773903586786;5;2025-01-23;0
93907;2023-04-11;Padrao;29.9;1;Germany;32;116.94325785258712;2;2025-01-23;0
94492;2022-08-22;Basico;19.9;1;Mexico;60;140.8435890010204;5;2025-01-23;0
46538;2022-05-07;Basico;29.9;1;Mexico;40;154.99524754589413;3;2025-01-23;0
12105;2023-08-12;Basico;29.9;1;UK;23;57.094722761590326;3;2025-01-23;1
85861;2024-03-27;Basico;19.9;1;Mexico;63;121.65602673385968;2;2025-01-23;0
26179;2024-09-25;Premium;29.9;1;Canada;61;159.3522055859488;2;2025-01-23;0
93572;2023-05-27;Basico;9.9;1;Germany;60;50.64591148559888;5;2025-01-23;1
41775;2024-05-20;Basico;9.9;0;Japan;62;174.3373567899887;4;2025-01-23;0
40587;2024-08-13;Basico;29.9;1;Canada;38;181.9470413672095;2;2025-01-23;0
87895;2024-08-27;Premium;9.9;0;Brazil;40;231.25431698108304;1;2025-01-23;0
32343;2022-06-25;Basico;29.9;1;Mexico;60;111.54667204149973;3;2025-01-23;1
57071;2023-05-01;Basico;9.9;0;Canada;33;111.82123381312243;1;2025-01-23;0
17189;2022-05-31;Premium;9.9;1;Canada;64;141.34971945586588;3;2025-01-23;0
57638;2023-07-11;Premium;29.9;1;Brazil;32;139.89013365247084;3;2025-01-23;0
73587;2022-10-07;Premium;9.9;1;USA;42;156.31834304978028;2;2025-01-23;0
72606;2023-06-26;Basico;29.9;1;Germany;53;139.2016590232552;2;2025-01-23;0
72177;2023-04-26;Premium;9.9;1;Japan;28;94.69690454809806;1;2025-01-23;1
21789;2022-08-09;Premium;9.9;1;UK;32;161.09985604867512;3;2025-01-23;0
25393;2023-10-26;Basico;19.9;1;USA;21;46.437292515363715;1;2025-01-23;0
35150;2022-08-17;Premium;19.9;1;Mexico;38;100.29261683626882;4;2025-01-23;0
70890;2024-04-29;Basico;29.9;1;Canada;30;178.18678080248998;1;2025-01-23;0
79156;2023-05-31;Padrao;19.9;1;Brazil;39;37.48767509398403;5;2025-01-23;0
26815;2022-04-25;Premium;29.9;1;Brazil;36;66.12621715014185;1;2025-01-23;0
49501;2022-07-22;Padrao;19.9;1;Germany;51;133.58736455386457;5;2025-01-23;0
87500;2023-12-27;Basico;9.9;1;USA;31;119.69559866180762;5;2025-01-23;0
83103;2024-09-11;Premium;29.9;0;UK;21;56.248729617187756;5;2025-01-23;0
31993;2022-05-04;Basico;29.9;1;Germany;63;79.19029986349298;4;2025-01-23;0
11172;2023-05-02;Padrao;9.9;1;Canada;44;40.960896867483044;1;2025-01-23;0
91282;2023-03-08;Basico;29.9;1;Germany;46;149.0242499760286;1;2025-01-23;0
47297;2023-05-04;Premium;29.9;0;Japan;64;87.20593211647342;4;2025-01-23;0
98377;2022-06-16;Premium;19.9;1;Brazil;45;189.6077955380316;3;2025-01-23;0
38178;2024-12-25;Padrao;29.9;1;Brazil;52;104.05501220200108;2;2025-01-23;1
59402;2024-11-27;Basico;9.9;1;Mexico;25;89.01298482985617;1;2025-01-23;0
21898;2022-07-16;Premium;19.9;1;Mexico;33;84.15891193541012;2;2025-01-23;0
73234;2022-06-22;Padrao;19.9;1;UK;59;87.79000824037858;4;2025-01-23;0
90821;2023-11-17;Premium;9.9;0;Canada;53;105.54105475669014;3;2025-01-23;0
34460;2022-07-09;Premium;9.9;0;Japan;47;225.62037882891593;3;2025-01-23;0
21825;2023-09-21;Basico;19.9;1;USA;35;83.05701649503203;3;2025-01-23;0
97744;2024-11-02;Premium;29.9;1;Germany;19;84.68232696143453;4;2025-01-23;0
77544;2023-12-29;Basico;19.9;0;UK;30;103.27969228415893;5;2025-01-23;0
69231;2024-11-07;Premium;9.9;1;Canada;21;154.51372531721302;5;2025-01-23;0
32927;2023-07-05;Padrao;19.9;1;Mexico;43;28.950771946361044;2;2025-01-23;0
79449;2022-04-18;Premium;9.9;1;Germany;42;122.75463684548227;5;2025-01-23;1
40502;2024-05-25;Basico;19.9;1;Mexico;47;59.128741198941896;5;2025-01-23;0
30309;2022-04-13;Basico;29.9;1;Germany;28;127.66363444754745;3;2025-01-23;0
37937;2024-01-27;Padrao;19.9;1;USA;24;75.3120028819772;3;2025-01-23;0
95093;2023-05-05;Premium;19.9;0;Canada;48;0.0;2;2025-01-23;1
81099;2023-09-26;Premium;9.9;0;Germany;61;118.47888013437426;1;2025-01-23;0
48860;2023-05-10;Padrao;9.9;1;Japan;27;118.05723851734344;2;2025-01-23;1
89682;2022-05-24;Premium;9.9;1;UK;56;71.0459845760285;2;2025-01-23;0
97724;2023-02-04;Premium;19.9;0;Brazil;30;68.08280699284988;4;2025-01-23;0
13918;2023-12-27;Basico;29.9;0;Japan;48;34.431363745617375;4;2025-01-23;0
10861;2023-10-25;Premium;9.9;1;Japan;24;138.65499707694357;2;2025-01-23;0
92611;2022-06-18;Premium;9.9;0;UK;59;144.1107891233404;2;2025-01-23;0
60772;2024-03-02;Padrao;19.9;0;Brazil;59;56.04745574120551;2;2025-01-23;0
64958;2024-10-21;Padrao;9.9;1;Japan;53;73.00327702305746;5;2025-01-23;0
34308;2024-09-19;Basico;29.9;1;Germany;37;96.83554394305183;4;2025-01-23;0
87606;2022-10-16;Premium;29.9;1;Germany;21;213.54326405177733;2;2025-01-23;1
84211;2023-12-27;Premium;9.9;1;Germany;24;127.25608737944661;3;2025-01-23;0
98540;2024-11-01;Premium;9.9;1;Brazil;18;52.82922424958104;3;2025-01-23;0
52869;2023-12-29;Basico;19.9;0;Japan;61;115.18901547452528;5;2025-01-23;0
85285;2022-09-09;Basico;29.9;1;Brazil;62;31.16542296809591;5;2025-01-23;1
86439;2024-08-14;Padrao;29.9;1;Germany;59;135.89951549580854;1;2025-01-23;0
35082;2024-05-17;Basico;9.9;1;UK;64;183.77736967722427;1;2025-01-23;0
31239;2022-07-31;Premium;19.9;1;Japan;30;183.9895842541979;1;2025-01-23;0
98262;2022-06-21;Premium;29.9;0;Japan;39;136.74467517371693;5;2025-01-23;1
96998;2022-09-02;Basico;29.9;1;Mexico;38;70.82938220659352;5;2025-01-23;0
20430;2024-02-11;Premium;19.9;1;Mexico;39;34.95491217429371;5;2025-01-23;1
97082;2023-08-22;Premium;19.9;1;USA;45;29.98974783154455;3;2025-01-23;0
24429;2023-10-07;Basico;29.9;1;Canada;26;0.0;5;2025-01-23;0
93832;2023-06-08;Basico;29.9;1;Mexico;43;134.69278815039607;3;2025-01-23;0
71774;2023-02-05;Premium;19.9;1;Brazil;26;94.85822398878003;1;2025-01-23;0
15484;2022-11-03;Premium;29.9;1;Mexico;32;145.46080832265636;1;2025-01-23;0
27204;2023-01-04;Premium;9.9;1;USA;27;171.4015742617394;1;2025-01-23;0
27313;2022-09-03;Padrao;9.9;1;Japan;41;104.9952771951205;2;2025-01-23;0
86073;2023-04-23;Padrao;19.9;1;USA;59;107.29808048565751;2;2025-01-23;0
17187;2024-05-26;Padrao;19.9;0;Japan;25;76.78398277512667;4;2025-01-23;0
43196;2023-03-22;Basico;19.9;1;UK;41;82.6957791413796;4;2025-01-23;0
82330;2024-01-05;Padrao;9.9;1;UK;33;136.4234956236467;4;2025-01-23;1
17629;2022-06-29;Basico;29.9;1;Japan;43;91.28124848173448;2;2025-01-23;0
35154;2022-08-16;Basico;9.9;1;Canada;44;84.0496166623588;2;2025-01-23;1
76920;2024-01-09;Padrao;29.9;1;Mexico;54;99.08415702785744;4;2025-01-23;0
40243;2023-08-16;Padrao;9.9;1;Brazil;21;144.31650980307947;4;2025-01-23;0
36667;2022-10-20;Padrao;29.9;0;Brazil;41;65.36692210849486;5;2025-01-23;0
24714;2024-08-11;Premium;9.9;1;Germany;36;96.67357412239836;4;2025-01-23;0
21593;2024-12-30;Padrao;19.9;1;Japan;53;112.26389188892149;5;2025-01-23;0
21488;2024-05-25;Premium;9.9;1;Brazil;56;158.01109517926196;3;2025-01-23;0
75261;2024-04-01;Basico;29.9;0;Canada;27;88.03516116002906;2;2025-01-23;0
97103;2024-02-04;Premium;9.9;1;Japan;42;64.1088306974139;4;2025-01-23;0
45626;2024-03-03;Padrao;9.9;1;Canada;35;75.78195278638222;2;2025-01-23;1
98818;2025-01-04;Basico;9.9;1;Brazil;36;152.65287165076896;2;2025-01-23;0
61201;2023-12-04;Basico;19.9;1;Brazil;53;201.66526493017324;2;2025-01-23;0
68381;2023-02-03;Basico;9.9;1;Germany;27;34.312109315698365;3;2025-01-23;0
80446;2023-11-14;Premium;19.9;0;Brazil;50;45.23491924650715;1;2025-01-23;0
97167;2022-02-05;Padrao;19.9;1;Japan;22;91.56016066489273;4;2025-01-23;0
88119;2023-05-18;Basico;9.9;1;UK;64;105.54780480340217;1;2025-01-23;1
43331;2023-11-08;Basico;9.9;1;Japan;52;139.34847827774976;1;2025-01-23;0
37607;2024-02-10;Basico;9.9;1;Japan;61;55.44334956992568;1;2025-01-23;0
80107;2022-12-22;Premium;29.9;1;Germany;51;46.84454816752679;2;2025-01-23;0
26803;2024-10-05;Premium;9.9;1;Germany;50;106.9043576566815;5;2025-01-23;0
35811;2024-10-22;Padrao;19.9;1;Brazil;38;87.07996398964158;2;2025-01-23;0
28244;2024-05-18;Premium;9.9;1;USA;34;146.33604988857624;2;2025-01-23;1
36120;2024-01-25;Basico;29.9;1;USA;39;124.3679901595192;1;2025-01-23;0
82990;2024-08-17;Padrao;9.9;1;Germany;54;127.76896738166094;2;2025-01-23;0
39095;2023-04-11;Basico;29.9;1;Brazil;32;94.77593268115668;1;2025-01-23;1
75284;2024-11-24;Basico;29.9;1;USA;52;217.77901292841028;5;2025-01-23;0
64073;2023-12-19;Premium;9.9;1;Brazil;45;58.112600920312005;4;2025-01-23;0
90666;2023-03-25;Padrao;19.9;1;Brazil;24;130.54049168773875;1;2025-01-23;0
36338;2024-04-21;Premium;29.9;0;Brazil;49;36.515500646344634;5;2025-01-23;0
31997;2023-06-12;Premium;9.9;0;Mexico;28;46.326616113027384;4;2025-01-23;1
70213;2022-04-27;Padrao;9.9;1;Japan;27;69.63272006172724;3;2025-01-23;0
95959;2022-10-14;Basico;19.9;1;Brazil;26;181.4661668309013;1;2025-01-23;1
17789;2023-09-28;Basico;29.9;1;Mexico;31;113.19472152270096;1;2025-01-23;0
30084;2022-12-05;Padrao;29.9;1;Germany;30;70.47609657278124;3;2025-01-23;1
39813;2023-06-01;Basico;9.9;1;USA;42;118.72181629772867;3;2025-01-23;0
36459;2024-07-20;Padrao;9.9;1;Japan;19;101.75739407122543;1;2025-01-23;0
93921;2022-03-13;Padrao;19.9;1;UK;52;75.40133154304401;3;2025-01-23;0
66970;2024-05-14;Premium;19.9;1;USA;24;30.168557210588617;2;2025-01-23;0
64961;2024-09-28;Padrao;29.9;1;Japan;38;171.9271242256145;4;2025-01-23;0
56763;2024-12-29;Premium;29.9;1;UK;35;110.4909064355021;4;2025-01-23;0
40655;2022-03-19;Basico;9.9;1;USA;20;208.68691867341192;4;2025-01-23;0
68134;2023-03-27;Basico;29.9;1;Japan;59;147.01608102704398;2;2025-01-23;0
95880;2024-12-18;Basico;19.9;1;USA;56;127.56598623805212;3;2025-01-23;0
59155;2023-01-04;Basico;19.9;1;USA;58;78.23978356915165;5;2025-01-23;0
33589;2022-03-27;Premium;9.9;1;UK;28;45.232721807154164;3;2025-01-23;0
24723;2024-01-25;Basico;19.9;1;USA;56;89.11345077557763;1;2025-01-23;0
85072;2024-07-19;Padrao;19.9;1;USA;41;43.78537028970846;4;2025-01-23;0
92420;2025-01-22;Padrao;19.9;1;UK;63;132.5095190365377;3;2025-01-23;0
97272;2022-10-16;Padrao;19.9;1;Germany;36;181.6326248848565;5;2025-01-23;1
23357;2022-02-25;Premium;9.9;1;Brazil;21;86.9543866941435;1;2025-01-23;1
66366;2024-05-17;Basico;9.9;1;Canada;43;147.22454861955984;2;2025-01-23;0
21520;2022-04-22;Basico;29.9;0;Mexico;55;65.53854648915717;2;2025-01-23;0
87835;2022-05-03;Basico;19.9;0;Canada;59;84.87665808963244;5;2025-01-23;1
54553;2023-01-29;Premium;29.9;1;Canada;49;59.25180077172785;1;2025-01-23;0
99783;2023-04-16;Padrao;9.9;1;Japan;56;0.0;4;2025-01-23;0
78429;2024-08-19;Padrao;9.9;1;Brazil;62;98.17333250406946;3;2025-01-23;0
47247;2024-08-30;Basico;9.9;1;Japan;63;106.42258687988763;1;2025-01-23;0
26353;2022-05-07;Padrao;9.9;0;Brazil;53;153.29304993808188;2;2025-01-23;1
49878;2024-09-18;Padrao;9.9;1;UK;57;139.77191263346438;5;2025-01-23;0
32281;2024-09-01;Premium;9.9;1;UK;54;140.44764495194977;5;2025-01-23;0
98791;2024-09-29;Premium;9.9;1;Brazil;50;51.29818884410615;3;2025-01-23;0
29592;2023-07-31;Premium;19.9;1;USA;53;122.9748653035346;5;2025-01-23;0
22439;2023-07-21;Premium;29.9;1;Germany;20;179.1296982740796;5;2025-01-23;0
24452;2022-04-27;Basico;9.9;1;USA;26;118.99339253545406;1;2025-01-23;0
69617;2022-03-23;Premium;19.9;1;Germany;25;191.42968065324987;4;2025-01-23;0
24026;2024-03-06;Padrao;19.9;0;Japan;50;200.94830555599316;3;2025-01-23;0
73370;2023-05-14;Basico;29.9;0;Germany;23;86.57658648541772;1;2025-01-23;0
62210;2023-02-20;Padrao;9.9;1;Japan;58;65.15301274597141;4;2025-01-23;0
38429;2024-07-08;Padrao;29.9;1;UK;56;61.9268917290525;1;2025-01-23;1
11184;2025-01-20;Padrao;9.9;1;Canada;21;24.193208994838997;1;2025-01-23;1
44388;2023-09-13;Premium;19.9;1;UK;30;74.0798550292239;5;2025-01-23;0
33043;2023-10-16;Premium;19.9;1;UK;19;160.38327248781232;4;2025-01-23;0
64148;2023-08-24;Basico;19.9;1;Canada;22;0.0;3;2025-01-23;0
40640;2023-07-10;Basico;19.9;1;Germany;61;48.12732996431268;3;2025-01-23;0
89294;2022-02-26;Premium;29.9;1;Germany;44;93.64342791740012;4;2025-01-23;0
41868;2022-10-23;Padrao;9.9;1;Japan;49;56.140739968914986;5;2025-01-23;0
76162;2022-04-13;Basico;9.9;1;USA;38;73.63570278798898;2;2025-01-23;0
40382;2023-10-24;Premium;29.9;0;Japan;25;74.38351627888483;1;2025-01-23;0
11001;2023-04-11;Premium;9.9;1;USA;55;87.12298899691255;5;2025-01-23;1
59483;2023-05-11;Premium;19.9;1;UK;25;63.52726519451306;4;2025-01-23;0
43521;2023-10-12;Padrao;9.9;0;Canada;20;59.439339307222596;1;2025-01-23;0
28255;2024-05-03;Premium;19.9;1;UK;61;146.71548729606155;3;2025-01-23;0
54534;2023-04-06;Premium;29.9;0;Brazil;20;152.48270889301727;2;2025-01-23;0
85868;2022-12-18;Premium;9.9;1;Germany;39;30.97283273762953;3;2025-01-23;0
21169;2023-11-21;Premium;29.9;1;USA;23;0.0;4;2025-01-23;0
84291;2024-01-28;Basico;9.9;1;Japan;19;153.16874247854656;1;2025-01-23;1
10457;2022-07-22;Basico;19.9;1;Canada;40;38.559979072393126;4;2025-01-23;0
41232;2022-04-09;Premium;29.9;1;USA;61;110.63724192298699;1;2025-01-23;0
37740;2023-12-18;Padrao;9.9;1;Japan;19;21.716406348589132;5;2025-01-23;1
38007;2024-10-06;Basico;19.9;1;Germany;55;164.8877492629836;2;2025-01-23;1
38468;2025-01-14;Premium;29.9;1;UK;34;227.1833947650764;5;2025-01-23;0
66822;2024-10-29;Basico;29.9;0;Germany;52;109.14034546026683;5;2025-01-23;1
54690;2024-09-10;Basico;9.9;0;Mexico;51;95.29486757702416;4;2025-01-23;0
85686;2022-08-15;Padrao;9.9;1;Brazil;40;83.89302124049681;2;2025-01-23;0
48612;2023-10-06;Premium;9.9;1;Mexico;47;139.08996556564557;1;2025-01-23;0
64127;2023-06-11;Premium;19.9;1;Canada;25;128.38433754672928;1;2025-01-23;0
77303;2024-04-07;Padrao;9.9;1;USA;39;150.17492267764322;3;2025-01-23;0
21651;2022-02-09;Padrao;29.9;0;Canada;61;68.60417387009588;1;2025-01-23;0
37919;2023-08-15;Premium;29.9;1;UK;53;117.00588532023225;4;2025-01-23;1
73231;2022-06-10;Premium;9.9;1;Japan;22;72.8765966646902;5;2025-01-23;0
79140;2023-12-20;Padrao;9.9;1;Germany;30;47.11421759649729;5;2025-01-23;0
52154;2022-10-10;Basico;29.9;1;Mexico;46;97.94922894982682;5;2025-01-23;0
60831;2022-06-03;Basico;19.9;1;Mexico;48;53.87436348114589;2;2025-01-23;0
60307;2023-07-21;Padrao;9.9;0;UK;64;158.6863498871294;1;2025-01-23;0
99743;2023-12-28;Basico;9.9;1;Mexico;33;56.90398109920885;4;2025-01-23;1
27369;2022-03-03;Padrao;29.9;1;UK;59;118.177297034368;2;2025-01-23;1
26629;2022-05-02;Basico;9.9;1;Canada;47;69.82888506201388;3;2025-01-23;0
67058;2023-08-16;Basico;19.9;0;Germany;33;113.85313752187561;4;2025-01-23;0
25579;2022-03-07;Premium;29.9;0;USA;29;73.80017132723218;4;2025-01-23;1
40415;2024-05-30;Premium;9.9;1;Japan;34;37.13943625712312;4;2025-01-23;0
29378;2024-01-14;Basico;29.9;1;USA;33;124.18863704759227;5;2025-01-23;0
55779;2023-06-20;Basico;9.9;1;Canada;29;88.22921890433891;4;2025-01-23;0
45630;2023-04-12;Premium;9.9;1;Japan;25;114.29924703612296;1;2025-01-23;0
54161;2023-05-29;Premium;9.9;0;Mexico;37;78.55785321847812;4;2025-01-23;1
32141;2024-01-15;Premium;19.9;1;Brazil;20;33.603174311577405;5;2025-01-23;0
95403;2022-02-03;Padrao;19.9;1;Canada;33;154.15892985281283;4;2025-01-23;0
38184;2022-04-09;Basico;29.9;1;Canada;47;136.83788777205442;3;2025-01-23;0
84885;2024-01-05;Premium;9.9;1;Germany;62;71.6519512223378;3;2025-01-23;0
13265;2022-06-20;Basico;9.9;1;USA;40;103.48896067493989;5;2025-01-23;1
25992;2023-01-27;Padrao;19.9;1;Canada;45;152.10097415814687;1;2025-01-23;0
42053;2022-09-29;Padrao;9.9;1;Canada;57;77.14808320688016;1;2025-01-23;0
22393;2024-09-18;Premium;19.9;1;Mexico;22;84.90577474047241;2;2025-01-23;0
84552;2023-05-09;Padrao;9.9;1;Mexico;37;112.18162500036868;5;2025-01-23;0
33722;2024-03-31;Basico;29.9;1;Japan;57;77.04544682227069;4;2025-01-23;0
65798;2023-08-07;Premium;9.9;1;UK;61;142.85459984935113;5;2025-01-23;0
66766;2022-09-21;Basico;9.9;1;UK;18;91.55496098462811;2;2025-01-23;0
40572;2024-11-18;Basico;19.9;1;Brazil;47;60.7982062503013;5;2025-01-23;0
41029;2024-04-21;Padrao;9.9;1;UK;38;130.43194149369972;5;2025-01-23;0
11826;2023-11-11;Padrao;9.9;1;Germany;37;42.89346752843266;2;2025-01-23;0
55017;2024-11-14;Padrao;19.9;1;Brazil;23;200.74392805621068;1;2025-01-23;0
64575;2024-02-21;Padrao;29.9;1;Japan;39;179.1248181790101;4;2025-01-23;1
42508;2023-03-18;Padrao;29.9;0;Mexico;35;125.67477384605075;2;2025-01-23;0
59612;2024-04-01;Premium;19.9;1;UK;25;121.4665510909951;3;2025-01-23;0
25370;2022-07-26;Basico;19.9;1;USA;56;119.12207089096492;1;2025-01-23;0
73796;2024-10-11;Basico;19.9;1;Mexico;49;75.54526070405464;3;2025-01-23;0
18160;2024-05-12;Basico;19.9;1;Germany;50;114.86548228404212;1;2025-01-23;0
73812;2024-10-12;Basico;19.9;1;Mexico;33;53.843369477107586;4;2025-01-23;0
29453;2024-12-01;Padrao;29.9;1;Germany;29;125.19092092200906;4;2025-01-23;0
66315;2023-11-21;Basico;29.9;1;Germany;55;143.39234715156476;5;2025-01-23;0
69559;2022-06-06;Premium;19.9;1;Germany;51;81.09569495083328;3;2025-01-23;0
87096;2023-09-05;Premium;9.9;1;Japan;31;70.24491029226402;1;2025-01-23;0
83027;2024-07-14;Basico;19.9;1;Germany;53;39.37614876760451;4;2025-01-23;0
36337;2023-08-08;Basico;9.9;1;Germany;50;172.89776167828455;2;2025-01-23;0
62040;2022-04-15;Premium;19.9;1;USA;40;74.21679830788943;4;2025-01-23;0
70149;2024-02-02;Premium;19.9;1;Brazil;62;90.06304819916885;2;2025-01-23;0
32967;2024-07-25;Padrao;29.9;1;Canada;19;115.00777924978628;1;2025-01-23;0
70699;2024-04-27;Premium;9.9;1;Brazil;58;114.11038214449673;4;2025-01-23;0
10681;2023-05-20;Padrao;9.9;1;Germany;38;137.3280047840535;4;2025-01-23;0
27342;2024-07-19;Padrao;29.9;1;USA;19;81.03350400808357;1;2025-01-23;1
92871;2024-10-21;Padrao;29.9;0;Mexico;44;43.06660307645435;4;2025-01-23;0
58710;2023-10-04;Padrao;29.9;1;USA;26;34.3167345513842;2;2025-01-23;0
77977;2024-01-10;Padrao;29.9;1;Germany;18;71.03723835785767;4;2025-01-23;0
95944;2023-01-22;Basico;9.9;1;USA;28;52.4074762662688;3;2025-01-23;1
10230;2024-09-21;Premium;9.9;1;UK;20;84.81916473461209;5;2025-01-23;0
57905;2024-04-13;Padrao;19.9;1;USA;40;165.37894053799914;2;2025-01-23;0
68035;2024-06-27;Premium;19.9;1;Germany;43;81.13608970581555;3;2025-01-23;1
48611;2022-06-27;Premium;29.9;0;Japan;21;81.11745693327217;1;2025-01-23;0
30543;2022-09-12;Padrao;29.9;1;UK;35;99.18006118721058;2;2025-01-23;0
75812;2024-09-19;Basico;29.9;0;USA;23;79.71875043939669;5;2025-01-23;1
22849;2024-01-29;Padrao;19.9;1;Canada;52;96.6304382140903;5;2025-01-23;0
80572;2022-01-30;Basico;19.9;1;Canada;39;127.04346112406732;1;2025-01-23;0
44632;2024-07-17;Premium;19.9;1;USA;60;144.2375527381657;1;2025-01-23;0
78991;2024-11-28;Basico;19.9;0;Japan;32;150.16065998695117;2;2025-01-23;0
52613;2024-02-20;Basico;19.9;1;Mexico;39;202.84261103655098;4;2025-01-23;1
25262;2022-02-24;Basico;19.9;0;Germany;54;128.46797230862188;1;2025-01-23;1
49448;2024-06-30;Premium;19.9;1;Canada;59;211.72394506746545;4;2025-01-23;1
42592;2022-04-12;Premium;29.9;1;Mexico;29;61.17590959701785;3;2025-01-23;1
44818;2023-02-27;Basico;29.9;0;USA;64;204.56424512122925;5;2025-01-23;0
37483;2022-08-19;Basico;29.9;1;Mexico;59;80.98119728902049;4;2025-01-23;0
30644;2023-01-27;Padrao;29.9;1;UK;55;85.89905346184823;5;2025-01-23;0
72658;2024-06-29;Basico;19.9;1;Brazil;35;94.00637262885633;4;2025-01-23;0
14875;2022-07-16;Padrao;9.9;0;Canada;62;89.06896444206345;3;2025-01-23;1
27580;2022-12-22;Basico;19.9;0;USA;52;104.29201983632515;1;2025-01-23;0
14283;2024-01-31;Padrao;9.9;1;Germany;47;70.99859987557804;3;2025-01-23;0
32036;2022-05-11;Premium;29.9;1;Japan;41;141.4981086535686;1;2025-01-23;0
19604;2023-02-13;Basico;19.9;0;UK;59;72.35824826894103;1;2025-01-23;0
65746;2024-05-08;Basico;29.9;1;USA;47;132.7805199126446;5;2025-01-23;0
97293;2022-05-06;Basico;19.9;1;Germany;31;176.38618097618823;3;2025-01-23;0
44503;2024-03-15;Basico;29.9;0;Japan;23;82.14488150961301;4;2025-01-23;0
17735;2024-01-29;Padrao;9.9;1;Japan;20;139.71917089895888;3;2025-01-23;0
46868;2023-07-26;Basico;9.9;1;USA;33;127.95796444515923;5;2025-01-23;0
30105;2023-05-19;Premium;9.9;1;UK;24;212.6443441109875;1;2025-01-23;0
37361;2023-04-12;Premium;19.9;0;Mexico;31;74.7584717577525;5;2025-01-23;0
27385;2022-06-24;Basico;9.9;0;Mexico;26;139.7535808402892;2;2025-01-23;0
56868;2024-11-20;Premium;19.9;0;Japan;32;18.69944541117235;2;2025-01-23;0
23801;2023-05-31;Basico;9.9;1;Mexico;38;75.20707946315935;4;2025-01-23;0
49302;2024-03-25;Basico;9.9;0;Brazil;52;117.6696418798454;5;2025-01-23;0
21527;2023-10-13;Premium;19.9;0;Japan;19;169.65799845448907;4;2025-01-23;0
89654;2023-12-30;Basico;19.9;1;Japan;44;38.70333175078986;4;2025-01-23;0
93587;2023-11-25;Premium;9.9;0;Germany;19;139.30453203705554;2;2025-01-23;1
78608;2023-01-14;Padrao;19.9;1;Mexico;52;96.83882717585206;4;2025-01-23;0
73799;2022-04-10;Basico;9.9;1;UK;35;23.923617330384374;2;2025-01-23;0
59032;2023-03-11;Padrao;19.9;1;Japan;31;109.0793422974395;1;2025-01-23;0
32965;2024-03-06;Premium;29.9;1;UK;37;185.4580616489106;5;2025-01-23;1
34309;2022-04-20;Padrao;29.9;1;Brazil;35;43.97886700441915;4;2025-01-23;0
40805;2023-03-24;Padrao;29.9;1;Germany;27;94.50311423149083;2;2025-01-23;0
98802;2022-03-08;Premium;29.9;1;USA;42;50.668050768021686;3;2025-01-23;0
80822;2022-06-26;Padrao;29.9;1;UK;19;76.57085340449922;4;2025-01-23;0
31354;2023-01-27;Padrao;9.9;1;Japan;42;171.60850717623165;1;2025-01-23;0
80117;2022-02-08;Premium;29.9;1;Brazil;50;86.42377622543087;1;2025-01-23;0
76030;2022-10-11;Padrao;29.9;1;Canada;53;170.07828687576634;3;2025-01-23;0
10964;2024-12-09;Premium;29.9;1;Brazil;48;155.45270239657933;2;2025-01-23;1
76010;2024-04-28;Padrao;29.9;1;Brazil;31;81.8631043257776;4;2025-01-23;0
81993;2023-03-06;Premium;19.9;1;Germany;18;74.87002696968838;2;2025-01-23;1
35905;2023-03-27;Premium;9.9;0;USA;63;55.2000596592749;1;2025-01-23;0
31589;2022-11-16;Padrao;29.9;1;Canada;33;53.45594029032979;2;2025-01-23;0
49101;2022-07-13;Padrao;29.9;1;Mexico;63;117.66036972539216;1;2025-01-23;1
29682;2024-01-01;Padrao;29.9;1;Mexico;20;99.01073423925172;2;2025-01-23;1
49954;2024-09-24;Basico;9.9;0;UK;52;68.81972825353967;3;2025-01-23;1
56737;2023-04-12;Basico;19.9;1;Brazil;58;22.56185389383606;5;2025-01-23;0
65771;2022-11-25;Basico;9.9;0;Germany;23;105.30893839111059;3;2025-01-23;0
74410;2024-02-27;Premium;19.9;1;Germany;42;76.52239104693334;3;2025-01-23;0
18029;2024-04-01;Padrao;29.9;0;Mexico;30;90.2351152208953;5;2025-01-23;1
62896;2024-11-03;Premium;29.9;1;UK;51;115.23309143490408;5;2025-01-23;1
86487;2024-03-03;Basico;9.9;0;UK;25;0.0;4;2025-01-23;1
68624;2023-08-03;Padrao;9.9;1;UK;38;23.33626981454377;4;2025-01-23;1
68169;2024-12-28;Premium;19.9;1;Canada;51;214.82215384025943;3;2025-01-23;0
96670;2023-07-08;Padrao;19.9;1;USA;21;74.66947466501911;3;2025-01-23;0
78095;2024-01-14;Premium;9.9;1;Canada;42;0.0;1;2025-01-23;0
66378;2024-08-07;Padrao;19.9;1;Japan;32;27.502991024187367;1;2025-01-23;1
62465;2022-02-16;Basico;9.9;0;Japan;21;224.22336843207165;4;2025-01-23;0
90901;2023-05-31;Basico;19.9;0;USA;62;64.850126986508;4;2025-01-23;0
18933;2024-06-29;Padrao;9.9;1;Mexico;29;157.95076224485783;1;2025-01-23;0
22855;2024-07-04;Premium;9.9;1;USA;49;106.05589991686026;1;2025-01-23;0
17124;2024-02-24;Basico;9.9;1;Germany;49;75.75164812505145;2;2025-01-23;1
98856;2024-07-13;Basico;19.9;1;Japan;45;138.77227353815465;2;2025-01-23;0
13343;2022-11-20;Basico;19.9;1;Brazil;30;0.0;1;2025-01-23;0
31917;2022-11-27;Padrao;19.9;1;Brazil;48;27.943369007169863;2;2025-01-23;0
87713;2023-05-27;Padrao;9.9;1;Mexico;31;75.38244939302196;5;2025-01-23;0
81129;2023-03-28;Premium;19.9;1;Germany;37;32.85478008651958;4;2025-01-23;0
27295;2022-08-02;Premium;19.9;1;Canada;35;70.96111057480142;4;2025-01-23;0
28051;2024-01-04;Premium;9.9;1;Germany;46;142.68565228414138;1;2025-01-23;0
54963;2022-10-03;Padrao;29.9;1;Brazil;23;106.60683606679905;3;2025-01-23;0
44252;2024-07-03;Padrao;9.9;1;Brazil;49;166.53085177547945;1;2025-01-23;0
87870;2022-10-18;Premium;19.9;0;Japan;46;109.76876421758722;2;2025-01-23;0
71512;2023-10-23;Premium;9.9;1;Germany;60;149.62304157472633;3;2025-01-23;0
29981;2024-07-18;Padrao;29.9;1;Germany;19;96.79648499357512;2;2025-01-23;1
20758;2023-01-10;Premium;9.9;1;Brazil;40;70.48622583201086;5;2025-01-23;0
91921;2022-12-10;Basico;19.9;1;Canada;36;174.0284027770944;2;2025-01-23;0
30734;2022-03-12;Padrao;29.9;0;Mexico;48;64.53248560319666;5;2025-01-23;0
51060;2024-05-30;Premium;19.9;1;UK;22;117.19224115621498;5;2025-01-23;0
24030;2023-02-09;Padrao;29.9;1;Mexico;36;138.44486816122367;2;2025-01-23;0
22444;2023-10-14;Basico;29.9;1;Germany;51;142.07463522354283;2;2025-01-23;1
22626;2023-05-04;Padrao;9.9;0;Mexico;27;41.72786648899902;5;2025-01-23;0
89358;2023-10-30;Padrao;9.9;0;Brazil;42;152.59752029141328;3;2025-01-23;1
84359;2024-12-16;Padrao;19.9;1;Brazil;19;51.052237694636496;5;2025-01-23;0
32214;2022-09-01;Padrao;9.9;1;Germany;28;140.5351827674997;4;2025-01-23;1
10035;2022-12-18;Basico;9.9;1;Germany;48;126.75867355245495;5;2025-01-23;0
88167;2022-02-10;Padrao;29.9;0;UK;32;140.9315330889949;3;2025-01-23;0
21188;2022-06-03;Padrao;9.9;1;UK;26;39.749823945048625;4;2025-01-23;0
44542;2023-04-19;Premium;29.9;0;Japan;40;129.39648713671957;1;2025-01-23;0
59225;2024-01-31;Padrao;29.9;1;Germany;36;154.2796838204086;1;2025-01-23;0
35336;2024-06-16;Premium;29.9;1;Canada;26;109.66978915808703;3;2025-01-23;0
95648;2023-12-06;Basico;19.9;1;Mexico;52;59.06916601977116;5;2025-01-23;0
39140;2023-04-01;Basico;19.9;1;Germany;38;145.9873807163995;2;2025-01-23;1
21349;2023-03-13;Basico;19.9;1;USA;26;105.6959814050385;3;2025-01-23;0
46085;2022-06-13;Basico;29.9;1;Japan;45;16.277786808615204;4;2025-01-23;1
97815;2023-09-16;Premium;19.9;1;USA;63;55.190526884166985;4;2025-01-23;0
13850;2022-06-07;Padrao;19.9;1;Brazil;24;73.68527343865131;1;2025-01-23;0
63721;2024-11-25;Basico;9.9;1;UK;33;175.29091438198282;4;2025-01-23;0
95331;2023-07-10;Padrao;19.9;1;Mexico;33;166.5091543153107;3;2025-01-23;0
66947;2022-09-21;Premium;19.9;0;Germany;50;166.3484265528338;4;2025-01-23;0
17623;2023-07-21;Premium;29.9;0;USA;21;111.61801388419332;3;2025-01-23;1
74234;2024-07-13;Premium;29.9;0;Mexico;21;145.67973958895996;2;2025-01-23;0
70489;2023-02-18;Basico;29.9;0;Brazil;56;42.961029565705466;1;2025-01-23;0
56076;2023-11-09;Padrao;29.9;1;UK;57;100.34015491963856;4;2025-01-23;0
92082;2023-02-28;Padrao;29.9;1;Canada;34;122.58163508247982;3;2025-01-23;0
84721;2024-02-02;Padrao;29.9;1;Japan;54;46.25504713454399;5;2025-01-23;0
49038;2022-06-12;Premium;19.9;1;Mexico;56;110.49560448209348;1;2025-01-23;0
87029;2022-04-21;Basico;29.9;1;Mexico;46;184.3319592902172;2;2025-01-23;0
64398;2022-05-24;Premium;29.9;0;Canada;53;127.93848922803133;3;2025-01-23;0
15013;2022-12-27;Premium;9.9;1;Mexico;55;145.87726033320604;2;2025-01-23;0
28550;2023-07-04;Padrao;19.9;1;Brazil;56;0.0;2;2025-01-23;1
25011;2024-04-03;Premium;19.9;1;Brazil;54;177.8984424576462;4;2025-01-23;0
49890;2024-09-22;Padrao;19.9;1;Canada;52;90.69388261239152;4;2025-01-23;0
60510;2024-08-18;Basico;29.9;1;Japan;24;61.565684296497885;3;2025-01-23;0
28167;2022-08-17;Padrao;29.9;1;Germany;44;91.26810740950349;5;2025-01-23;1
14077;2023-08-18;Basico;29.9;0;USA;45;25.748892085955106;3;2025-01-23;0
19930;2024-12-24;Padrao;9.9;1;Germany;39;152.39710308760712;5;2025-01-23;0
51691;2023-10-27;Premium;29.9;1;Mexico;31;83.23021386131036;2;2025-01-23;0
50194;2024-03-01;Premium;9.9;0;USA;24;63.06845939869653;1;2025-01-23;0
13581;2024-11-13;Basico;19.9;0;Canada;54;91.59724671558175;3;2025-01-23;1
20845;2023-05-27;Basico;29.9;0;Canada;39;155.90078272880706;3;2025-01-23;0
18591;2024-01-01;Basico;9.9;0;Japan;22;106.57292003906103;5;2025-01-23;0
99632;2023-09-07;Padrao;9.9;1;USA;19;29.515311523326645;2;2025-01-23;0
16851;2024-09-04;Padrao;29.9;1;Brazil;44;123.24904148705411;2;2025-01-23;0
30102;2023-02-13;Basico;19.9;1;USA;38;53.55100228386875;5;2025-01-23;1
49719;2023-03-15;Premium;19.9;1;Mexico;55;0.0;2;2025-01-23;0
82234;2023-05-23;Padrao;19.9;1;Brazil;32;174.8003606358589;4;2025-01-23;1
32641;2024-10-07;Padrao;9.9;1;UK;38;122.86149374138445;1;2025-01-23;0
82881;2023-09-09;Padrao;9.9;1;UK;27;96.08646680982926;3;2025-01-23;0
46570;2024-08-29;Basico;9.9;1;UK;40;82.71952426516506;1;2025-01-23;0
89094;2022-06-22;Basico;9.9;1;Canada;56;169.8539750366658;3;2025-01-23;0
36175;2024-10-18;Basico;19.9;1;USA;22;254.35775750992028;4;2025-01-23;0
21749;2022-04-04;Basico;29.9;1;UK;18;122.43902592832582;2;2025-01-23;0
27763;2024-06-29;Basico;9.9;1;Germany;30;48.51826588360619;5;2025-01-23;0
68041;2022-05-27;Premium;9.9;0;Japan;38;92.2767240566012;4;2025-01-23;0
99027;2024-04-08;Premium;19.9;1;Germany;43;121.52863360470246;1;2025-01-23;0
54080;2024-06-05;Basico;29.9;1;UK;62;0.0;5;2025-01-23;1
81154;2024-10-30;Padrao;29.9;1;Japan;38;116.72496008890589;2;2025-01-23;0
75567;2024-08-18;Basico;19.9;0;Mexico;35;121.82125647465395;4;2025-01-23;0
60148;2024-08-27;Premium;19.9;1;Germany;54;166.31710989936101;5;2025-01-23;0
58832;2024-01-21;Premium;29.9;1;USA;62;161.10616511865268;4;2025-01-23;0
75410;2024-08-04;Padrao;9.9;1;USA;49;105.55860801447682;4;2025-01-23;0
56519;2023-07-31;Premium;29.9;1;Germany;53;175.73184532901791;2;2025-01-23;1
94597;2023-02-13;Basico;19.9;0;UK;34;201.78391595193781;3;2025-01-23;0
97558;2022-04-13;Padrao;9.9;1;USA;52;101.39757276222299;5;2025-01-23;0
75721;2025-01-21;Basico;9.9;1;Mexico;28;120.90935392338744;2;2025-01-23;0
22820;2022-10-24;Basico;19.9;0;Brazil;38;11.635132344471188;4;2025-01-23;1
97938;2024-10-14;Padrao;19.9;0;UK;43;27.451336877945593;2;2025-01-23;0
22305;2022-05-24;Basico;19.9;1;Mexico;21;58.09018429952406;3;2025-01-23;0
12652;2025-01-05;Premium;29.9;0;Japan;51;77.81908477414733;5;2025-01-23;0
14613;2022-08-02;Basico;29.9;1;Mexico;35;45.193848763096575;3;2025-01-23;1
43530;2024-11-11;Padrao;9.9;1;UK;57;98.2002294011379;1;2025-01-23;0
51319;2024-06-16;Padrao;19.9;1;Japan;52;79.31454161626908;5;2025-01-23;0
96623;2024-01-30;Padrao;9.9;1;UK;58;153.54476156698075;3;2025-01-23;0
35991;2023-07-17;Basico;9.9;1;USA;46;76.26131772581459;4;2025-01-23;0
69378;2024-03-12;Padrao;9.9;0;Brazil;46;0.0;5;2025-01-23;0
80368;2024-08-23;Padrao;9.9;0;UK;55;106.28755862677102;5;2025-01-23;0
44125;2024-04-30;Basico;19.9;1;UK;59;99.29009877943304;2;2025-01-23;1
39577;2022-04-02;Premium;9.9;0;USA;38;56.89750592977531;4;2025-01-23;0
91767;2022-05-21;Basico;19.9;1;Canada;59;104.74999417485185;1;2025-01-23;0
48082;2024-03-04;Padrao;19.9;1;USA;30;46.23677058868325;3;2025-01-23;0
75532;2022-08-27;Padrao;29.9;1;Japan;58;116.49199768116713;2;2025-01-23;1
17749;2024-01-30;Basico;19.9;1;USA;34;231.64622184649258;3;2025-01-23;1
77205;2023-08-10;Premium;29.9;0;USA;26;9.719726354661688;1;2025-01-23;0
94554;2024-09-25;Padrao;19.9;0;Brazil;58;74.18789564954199;1;2025-01-23;0
66890;2022-05-18;Padrao;19.9;1;USA;18;66.1747439275432;5;2025-01-23;0
84219;2022-03-23;Padrao;19.9;1;UK;19;78.33700582562281;1;2025-01-23;0
18809;2022-01-24;Basico;29.9;1;Brazil;46;150.9962289798487;3;2025-01-23;0
30869;2024-08-13;Padrao;29.9;1;Germany;50;127.14132796595122;4;2025-01-23;0
78426;2024-02-19;Premium;9.9;0;Canada;27;142.43832513032118;4;2025-01-23;0
